Version:,2,,Date:,11/24/2015,,,,
Measure,SoloBass,SoloTenner,SoloAlto,SoloSopr,Bass,Tenor,Alto,Sopr
1,,,,,,,,
2,,,,,,,,
3,,,,,,,,
4,,,,,,,,
5,,,,,,,,
6,,,,,,,,
7,,,,,,,,
8,,,,,,,,
9,,,,,,,,
10,,,,,,,,
11,,,,,,,,
12,,,,,,,,
13,,,,,,,,
14,,,,,,,,
15,,,,,,,,
16,,,,,,,,
17,,,,,,,,
18,,,,,,,,
19,,,,,,,,
20,,,,,,,,
21,,,,,,,,
22,,,,,,,,
23,,,,,,,,
24,,,,,,,,
25,,,,,,,,
26,,,,,,,,
27,,,,,,,,
28,,,,,,,,
29,,,,,,,,
30,,,,,,,,
31,,,,,,,,
32,,,,,,,,
33,,,,,,,,
34,,,,,,,,
35,,,,,,,,
36,,,,,,,,
37,,,,,,,,
38,,,,,,,,
39,,,,,,,,
40,,,,,,,,
41,,,,,,,,
42,,,,,,,,
43,,,,,,,,
44,,,,,,,,
45,,,,,,,,
46,,,,,,,,
47,,,,,,,,
48,,,,,,,,
49,,,,,,,,
50,,,,,,,,
51,,,,,,,,
52,,,,,,,,
53,,,,,,,,
54,,,,,,,,
55,,,,,,,,
56,,,,,,,,
57,,,,,,,,
58,,,,,,,,
59,,,,,,,,
60,,,,,,,,
61,,,,,,,,
62,,,,,,,,
63,,,,,,,,
64,,,,,,,,
65,,,,,,,,
66,,,,,,,,
67,,,,,,,,
68,,,,,,,,
69,,,,,,,,
70,,,,,,,,
71,,,,,,,,
72,,,,,,,,
73,,,,,,,,
74,,,,,,,,
75,,,,,,,,
76,,,,,,,,
77,,,,,,,,
78,,,,,,,,
79,,,,,,,,
80,,,,,,,,
81,,,,,,,,
82,,,,,,,,
83,,,,,,,,
84,,,,,,,,
85,,,,,,,,
86,,,,,,,,
87,,,,,,,,
88,,,,,,,,
89,,,,,,,,
90,,,,,,,,
91,,,,,,,,
92,,,,,,,,
93,,,,,,,,
94,,,,,,,,
95,,,,,,,,
96,,,,,,,,
97,,,,,,,,
98,,,,,,,,
99,,,,,,,,
100,,,,,,,,
101,,,,,,,,
102,,,,,,,,
103,,,,,,,,
104,,,,,,,,
105,,,,,,,,
106,,,,,,,,
107,,,,,,,,
108,,,,,,,,
109,,,,,,,,
110,,,,,,,,
111,,,,,,,,
112,,,,,,,,
113,,,,,,,,
114,,,,,,,,
115,,,,,,,,
116,,,,,,,,
117,,,,,,,,
118,,,,,,,,
119,,,,,,,,
120,,,,,,,,
121,,,,,,,,
122,,,,,,,,
123,,,,,,,,
124,,,,,,,,
125,,,,,,,,
126,,,,,,,,
127,,,,,,,,
128,,,,,,,,
129,,,,,,,,
130,,,,,,,,
131,,,,,,,,
132,,,,,,,,
133,,,,,,,,
134,,,,,,,,
135,,,,,,,,
136,,,,,,,,
137,,,,,,,,
138,,,,,,,,
139,,,,,,,,
140,,,,,,,,
141,,,,,,,,
142,,,,,,,,
143,,,,,,,,
144,,,,,,,,
145,,,,,,,,
146,,,,,,,,
147,,,,,,,,
148,,,,,,,,
149,,,,,,,,
150,,,,,,,,
151,,,,,,,,
152,,,,,,,,
153,,,,,,,,
154,,,,,,,,
155,,,,,,,,
156,,,,,,,,
157,,,,,,,,
158,,,,,,,,
159,,,,,,,,
160,,,,,,,,
161,,,,,,,,
162,,,,,,,,
163,,,,,,,,
164,,,,,,,,
165,,,,,,,,
166,,,,,,,,
167,,,,,,,,
168,,,,,,,,
169,,,,,,,,
170,,,,,,,,
171,,,,,,,,
172,,,,,,,,
173,,,,,,,,
174,,,,,,,,
175,,,,,,,,
176,,,,,,,,
177,,,,,,,,
178,,,,,,,,
179,,,,,,,,
180,,,,,,,,
181,,,,,,,,
182,,,,,,,,
183,,,,,,,,
184,,,,,,,,
185,,,,,,,,
186,,,,,,,,
187,,,,,,,,
188,,,,,,,,
189,,,,,,,,
190,,,,,,,,
191,,,,,,,,
192,,,,,,,,
193,,,,,,,,
194,,,,,,,,
195,,,,,,,,
196,,,,,,,,
197,,,,,,,,
198,,,,,,,,
199,,,,,,,,
200,,,,,,,,
201,,,,,,,,
202,,,,,,,,
203,,,,,,,,
204,,,,,,,,
205,,,,,,,,
206,,,,,,,,
207,,,,,,,,
208,,,,,,,,
209,,,,,,,,
210,,,,,,,,
211,,,,,,,,
212,,,,,,,,
213,,,,,,,,
214,,,,,,,,
215,,,,,,,,
216,,,,,,,,
217,????O,,,,,,,
218,Fr,,,,,,,
219,eu,,,,,,,
220,ndenicht,,,,,,,
221,diese,,,,,,,
222,tone??.,,,,,,,
223,,,,,,,,
224,,,,,,,,
225,sondern,,,,,,,
226,??lasstuns,,,,,,,
227,an,,,,,,,
228,ge,,,,,,,
229,nehmerean,,,,,,,
230,stimmen,,,,,,,
231,????und,,,,,,,
232,f,,,,,,,
233,r,,,,,,,
234,e,,,,,,,
235,u,,,,,,,
236,uden,,,,,,,
237,volere.,,,,,,,
238,,,,,,,,
239,Freude????.,,,,????Freude.,,,
240,,,,,,,,
241,Freude,,,,????Freude.,,,
242,Freudeshoner,,,,,,,
243,Gotterfunken,,,,,,,
244,TochterausE,,,,,,,
245,lysium,,,,,,,
246,wirbetreten,,,,,,,
247,feuertrunkenH,,,,,,,
248,immlischedein,,,,,,,
249,Heiligthum!,,,,,,,
250,DeineZauber,,,,,,,
251,bindenwieder,,,,,,,
252,wasdieMode,,,,,,,
253,strenggetheiltal,,,,,,,
254,leMenschen,,,,,,,
255,werdenBruder,,,,,,,
256,wodeinsanfter,,,,,,,
257,Flugelweilt.,,,,,,,
258,,,,,DeineZauber,DeineZauber,DeineZauber,
259,,,,,bindenwieder,bindenwieder,bindenwieder,
260,,,,,wasdieMode,wasdieMode,wasdieMode,
261,,,,,strenggetheiltal,strenggetheiltal,strenggetheiltal,
262,,,,,leMenschen,leMenschen,leMenschen,
263,,,,,werden,werden,werden,
264,,,,,wodeinsanfter,wodeinsanfter,wodeinsanfter,
265,,,,,Flugelweilt.,Flugelweilt.,Flugelweilt.,
266,,,,,,,,
267,,,,,,,,
268,,,,,,,,
269,,,,,,,,
270,Wemdergrosse,Wemdergrosse,Wemdergrosse,,,,,
271,Wufgelungen,Wufgelungen,Wufgelungen,,,,,
272,einesFreundes,einesFreundes,einesFreundes,,,,,
273,Freundzusein,Freundzusein,Freundzusein,,,,,
274,wereinholdes,wereinholdes,wereinholdes,wereinholdes,,,,
275,Weiberrungen,Weiberrungen,Weiberrungen,Weiberrungen,,,,
276,mischeseinen,mischeseinen,mischeseinen,mischeseinen,,,,
277,Jubelein!Ja,Jubelein!Ja,Jubelein!Ja,Jubelein!Ja,,,,
278,werauchnur,werauchnur,werauchnur,werauchnur,,,,
279,eineSeele,eineSeele,eineSeele,eineSeele,,,,
280,seinnenntaufdem,seinnenntaufdem,seinnenntaufdem,seinnenntaufdem,,,,
281,ErdenrundUn,ErdenrundUn,ErdenrundUn,ErdenrundUn,,,,
282,dwersniege,dwersniege,dwersniege,dwersniege,,,,
283,konntderstehle,konntderstehle,konntderstehle,konntderstehle,,,,
284,weinendsichaus,weinendsichaus,weinendsichaus,weinendsichaus,,,,
285,siesemBund.,siesemBund.,siesemBund.,siesemBund.,??????Ja,,,
286,,,,,awerauchmur,Jawerauchmur,Jawerauchmur,Jawerauchmur
287,,,,,eineSeele,eineSeele,eineSeele,eineSeele
288,,,,,seinnentaufdem,seinnentaufdem,seinnentaufdem,seinnentaufdem
289,,,,,ErdenrundUnd,ErdenrundUnd,ErdenrundUnd,ErdenrundUnd
290,,,,,ndwersniege,ndwersniege,ndwersniege,ndwersniege
291,,,,,konntderstehle,konntderstehle,konntderstehle,konntderstehle
292,,,,,weinendsichaus,weinendsichaus,weinendsichaus,weinendsichaus
293,,,,,diesemBund.,diesemBund.,diesemBund.,diesemBund.
294,,,,,,,,
295,,,,,,,,
296,,,,,,,,
297,????Fr,????Fr,,,,,,
298,eudetrinken,eudetrinken,,,,,,
299,alleWesen,alleWesen,,,,,,
300,andenBrusten,andenBrusten,,,,,,
301,derNatur,derNatur,????Al,,,,,
302,alleGuten,alleGuten,lleGuten,,,,,
303,alleBosen,alleBosen,alleBosen,,,,,
304,folgenihrer,folgenihrer,folgenihrer,,,,,
305,RosenspurK,RosenspurK,RosenspurKus,?????Kus,,,,
306,ussegabsie,ussegabsie,segabsie,segabsie,,,,
307,unsundReben,unsundReben,unsundReben,unsundReben,,,,
308,einenFreudge,einenFreudge,einenFreundge,einenFreundge,,,,
309,pruftimTodW,pruftimTodW,pruftimTodWol,pruftimTodWol,,,,
310,ollustwarddem,ollustwarddem,lustwarddem,lustwarddem,,,,
311,Wurmgegeben,Wurmgegeben,Wurmgegeben,Wurmgegeben,,,,
312,undderCherub,undderCherub,undderCherub,undderCherub,,,,
313,stehtvorGott.,stehtvorGott.,stehtvorGott.,stehtvorGott.,,,,
314,,,,,Kussegabsie,Kussegabsie,Kussegabsie,Kussegabsie
315,,,,,unsundReben,unsundReben,unsundReben,unsundReben
316,,,,,einenFreundge,einenFreundge,einenFreundge,einenFreundge
317,,,,,pruftimTodWo,pruftimTodWo,pruftimTodWo,pruftimTodWo
318,,,,,ollustwarddem,ollustwarddem,ollustwarddem,ollustwarddem
319,,,,,Wurmgegeben,Wurmgegeben,Wurmgegeben,Wurmgegeben
320,,,,,undderCherub,undderCherub,undderCherub,undderCherub
321,,,,,stehtvorGott,stehtvorGott,stehtvorGott,stehtvorGott
322,,,,,undder,undder,undder,undder
323,,,,,Cherub,Cherub,Cherub,Cherub
324,,,,,stehtvor,stehtvor,stehtvor,stehtvor
325,,,,,Gott,Gott,Gott,Gott
326,,,,,stehtvor,stehtvor,stehtvor,stehtvor
327,,,,,Gott,Gott,Gott,Gott
328,,,,,????vor,????vor,????vor,????vor
329,,,,,Gott,Gott,Gott,Gott
330,,,,,???vor,???vor,???vor,???vor
331,,,,,Gott.,Gott.,Gott.,Gott.
332,,,,,,,,
333,,,,,,,,
334,,,,,,,,
335,,,,,,,,
336,,,,,,,,
337,,,,,,,,
338,,,,,,,,
339,,,,,,,,
340,,,,,,,,
341,,,,,,,,
342,,,,,,,,
343,,,,,,,,
344,,,,,,,,
345,,,,,,,,
346,,,,,,,,
347,,,,,,,,
348,,,,,,,,
349,,,,,,,,
350,,,,,,,,
351,,,,,,,,
352,,,,,,,,
353,,,,,,,,
354,,,,,,,,
355,,,,,,,,
356,,,,,,,,
357,,,,,,,,
358,,,,,,,,
359,,,,,,,,
360,,,,,,,,
361,,,,,,,,
362,,,,,,,,
363,,,,,,,,
364,,,,,,,,
365,,,,,,,,
366,,,,,,,,
367,,,,,,,,
368,,,,,,,,
369,,,,,,,,
370,,,,,,,,
371,,,,,,,,
372,,,,,,,,
373,,,,,,,,
374,,,,,,,,
375,,,,,,,,
376,,Froh,,,,,,
377,,,,,,,,
378,,froh,,,,,,
379,,wieseine,,,,,,
380,,Sonnen,,,,,,
381,,Seine,,,,,,
382,,Sonnen,,,,,,
383,,Fliegen,,,,,,
384,,Frohwie,,,,,,
385,,seine,,,,,,
386,,Sonnen,,,,,,
387,,fliegen,,,,,,
388,,durchdes,,,,,,
389,,Himmels,,,,,,
390,,prachtgen,,,,,,
391,,Plan?????,,,,,,
392,,lau?fet?,,,,,,
393,,Bruder,,,,,,
394,,eure,,,,,,
395,,Bahn,,,,,,
396,,laufet,,,,,,
397,,Bruder,,,,,,
398,,eure,,,,,,
399,,Bahn,,,,,,
400,,freudig?,,,,,,
401,,wieein,,,,,,
402,,Heldzum,,,,,,
403,,Siegen,,,,,,
404,,wieein,,,,,,
405,,Hel,,,,,,
406,,dzum,,,,,,
407,,Siegen?,,,,,,
408,,lau?fet?,,,,,,
409,,Bruder,,,,,,
410,,eu?re?,,,,,,
411,,B,,,,,,
412,,a,,,Laufet,Laufet,,
413,,h,,,Bruder,Bruder,,
414,,n.,,,eure,eure,,
415,,,,,Bahn,Bahn,,
416,,,,,freudig,freudig,,
417,,,,,wieein,wieein,,
418,,,,,Heldzum,Heldzum,,
419,,,,,Siegen,Siegen,,
420,,wieein,,,wieein,wieein,,
421,,Hel,,,Heldzum,Heldzum,,
422,,dzum,,,dzum,dzum,,
423,,Sie,,,Siegen.,Siegen.,,
424,,gen.,,,,,,
425,,,,,freudig,,,
426,,,,,,freudig,,
427,,freudig,,,freudig,freudig,,
428,,freudig,,,wieein,wieein,,
429,,wieein,,,Hel,Hel,,
430,,Heldzum,,,dzum,dzum,,
431,,Siegen.,,,si,si,,
432,,,,,egen.,egen.,,
433,,,,,,,,
434,,,,,,,,
435,,,,,,,,
436,,,,,,,,
437,,,,,,,,
438,,,,,,,,
439,,,,,,,,
440,,,,,,,,
441,,,,,,,,
442,,,,,,,,
443,,,,,,,,
444,,,,,,,,
445,,,,,,,,
446,,,,,,,,
447,,,,,,,,
448,,,,,,,,
449,,,,,,,,
450,,,,,,,,
451,,,,,,,,
452,,,,,,,,
453,,,,,,,,
454,,,,,,,,
455,,,,,,,,
456,,,,,,,,
457,,,,,,,,
458,,,,,,,,
459,,,,,,,,
460,,,,,,,,
461,,,,,,,,
462,,,,,,,,
463,,,,,,,,
464,,,,,,,,
465,,,,,,,,
466,,,,,,,,
467,,,,,,,,
468,,,,,,,,
469,,,,,,,,
470,,,,,,,,
471,,,,,,,,
472,,,,,,,,
473,,,,,,,,
474,,,,,,,,
475,,,,,,,,
476,,,,,,,,
477,,,,,,,,
478,,,,,,,,
479,,,,,,,,
480,,,,,,,,
481,,,,,,,,
482,,,,,,,,
483,,,,,,,,
484,,,,,,,,
485,,,,,,,,
486,,,,,,,,
487,,,,,,,,
488,,,,,,,,
489,,,,,,,,
490,,,,,,,,
491,,,,,,,,
492,,,,,,,,
493,,,,,,,,
494,,,,,,,,
495,,,,,,,,
496,,,,,,,,
497,,,,,,,,
498,,,,,,,,
499,,,,,,,,
500,,,,,,,,
501,,,,,,,,
502,,,,,,,,
503,,,,,,,,
504,,,,,,,,
505,,,,,,,,
506,,,,,,,,
507,,,,,,,,
508,,,,,,,,
509,,,,,,,,
510,,,,,,,,
511,,,,,,,,
512,,,,,,,,
513,,,,,,,,
514,,,,,,,,
515,,,,,,,,
516,,,,,,,,
517,,,,,,,,
518,,,,,,,,
519,,,,,,,,
520,,,,,,,,
521,,,,,,,,
522,,,,,,,,
523,,,,,,,,
524,,,,,,,,
525,,,,,,,,
526,,,,,,,,
527,,,,,,,,
528,,,,,,,,
529,,,,,,,,
530,,,,,,,,
531,,,,,,,,
532,,,,,,,,
533,,,,,,,,
534,,,,,,,,
535,,,,,,,,
536,,,,,,,,
537,,,,,,,,
538,,,,,,,,
539,,,,,,,,
540,,,,,,,,
541,,,,,,,,
542,,,,,,,,
543,,,,,,,,
544,,,,,Freude,Freude,Freude,Freude
545,,,,,schoner,schoner,schoner,schoner
546,,,,,Gotter,Gotter,Gotter,Gotter
547,,,,,funken,funken,funken,funken
548,,,,,Tochter,Tochter,Tochter,Tochter
549,,,,,ausE,ausE,ausE,ausE
550,,,,,elisi,elisi,elisi,elisi
551,,,,,um????,um????,um????,um????
552,,,,,wirbe,wirbe,wirbe,wirbe
553,,,,,treten,treten,treten,treten
554,,,,,feuer,feuer,feuer,feuer
555,,,,,rtrunken,rtrunken,rtrunken,rtrunken
556,,,,,Himmli,Himmli,Himmli,Himmli
557,,,,,ischedein,ischedein,ischedein,ischedein
558,,,,,Heilig,Heilig,Heilig,Heilig
559,,,,,thum????,thum????,thum????,thum????
560,,,,,Deine,Deine,Deine,Deine
561,,,,,Zauber,Zauber,Zauber,Zauber
562,,,,,binden,binden,binden,binden
563,,,,,wieder,wieder,wieder,wieder
564,,,,,wasdie,wasdie,wasdie,wasdie
565,,,,,eMode,eMode,eMode,eMode
566,,,,,strengge,strengge,strengge,strengge
567,,,,,etheiltal,etheiltal,etheiltal,etheiltal
568,,,,,le,le,le,le
569,,,,,Menschen,Menschen,Menschen,Menschen
570,,,,,werden,werden,werden,werden
571,,,,,Bruder,Bruder,Bruder,Bruder
572,,,,,wodein,wodein,wodein,wodein
573,,,,,sanfter,sanfter,sanfter,sanfter
574,,,,,Flugel,Flugel,Flugel,Flugel
575,,,,,weilt????,weilt????,weilt????,weilt????
576,,,,,deine,deine,deine,deine
577,,,,,Zauber,Zauber,Zauber,Zauber
578,,,,,binden,binden,binden,binden
579,,,,,wieder,wieder,wieder,wieder
580,,,,,wasdie,wasdie,wasdie,wasdie
581,,,,,Mode,Mode,Mode,Mode
582,,,,,strengge,strengge,strengge,strengge
583,,,,,theiltal,theiltal,theiltal,theiltal
584,,,,,le,le,le,le
585,,,,,Menschen,Menschen,Menschen,Menschen
586,,,,,werden,werden,werden,werden
587,,,,,Bruder,Bruder,Bruder,Bruder
588,,,,,woden,woden,woden,woden
589,,,,,Sanfter,Sanfter,Sanfter,Sanfter
590,,,,,Flugel,Flugel,Flugel,Flugel
591,,,,,weilt????.,weilt????.,weilt????.,weilt????.
592,,,,,,,,
593,,,,,,,,
594,,,,,,,,
595,,,,,,,,
596,,,,,Seidum,Seidum,,
597,,,,,schlemgenMil,schlemgenMil,,
598,,,,,li,li,,
599,,,,,ionen!??,ionen!??,,
600,,,,,Diesen,Diesen,,
601,,,,,Kussder,Kussder,,
602,,,,,ganzen,ganzen,,
603,,,,,Welt,Welt,,
604,,,,,??Seidum,??Seidum,Seidum,Seidum
605,,,,,schlungen??,schlungen??,schlemgenMil,schlemgenMil
606,,,,,Milli,Milli,li,li
607,,,,,ionen!??,ionen!??,ionen!Di,ionen!??
608,,,,,Diesen,??Diesen,esen,Diesen
609,,,,,Kussder,Kussder,Kussder,Kuss??der
610,,,,,ganzen,ganzen,ganzen,ganzen
611,,,,,Welt!,Welt!,Welt!.,Welt!.
612,,,,,Bruder,Bruder,,
613,,,,,??uberm,??uberm,,
614,,,,,Sternen,Sternen,,
615,,,,,zelt??,zelt??,,
616,,,,,mussein,mussein,,
617,,,,,lieber,lieber,,
618,,,,,Vater,Vater,,
619,,,,,wohnen,wohene,,
620,,,,,Bruder,Bruder,Bruder,Bruder
621,,,,,uber'm,uber'm,uber'm,uber'm
622,,,,,Sternen,Sternen,Sternen,Sternen
623,,,,,zeltmuss,zeltmuss,zeltmuss,zelt
624,,,,,ssein,ssssein,ssssein,mussein
625,,,,,lieber,lieber,lieber,lieber
626,,,,,vater,vater,vater,vater
627,,,,,wohnen.,wohnen.,wohnen.,wohnen.
628,,,,,,,,
629,,,,,,,,
630,,,,,,,,
631,,,,,,,,
632,,,,,,,,
633,,,,,Ihrstuzt,Ihrstuzt,Ihrstuzt,Ihrstuzt
634,,,,,nieder,nieder,nieder,nieder
635,,,,,Milli,Milli,Milli,Milli
636,,,,,onen??,onen??,onen??,onen??
637,,,,,Ahnest,Ahnest,Ahnest,Ahnest
638,,,,,duden,duden,duden,duden
639,,,,,Schopfer,Schopfer,Schopfer,Schopfer
640,,,,,Welt???,Welt???,Welt???,Welt???
641,,,,,Suchihn,Suchihn,Suchihn,Suchihn
642,,,,,uberm,uberm,uberm,uberm
643,,,,,Sternen,Sternen,Sternen,Sternen
644,,,,,Zelt,Zelt,Zelt,Zelt
645,,,,,???Uber,???Uber,???Uber,???Uber
646,,,,,Sternen,Sternen,Sternen,Sternen
647,,,,,musser,musser,musser,musser
648,,,,,wohnen.,wohnen.,wohnen.,wohnen.
649,,,,,,,,
650,,,,,,,,
651,,,,,,,,
652,,,,,,,???uber,???uber
653,,,,,???uber,???uber,Sternen,Sternen
654,,,,,Sternen,Sternen,musser,musser
655,,,,,musser,musser,wohn,wohn
656,,,,,wohnen.,wohnen.,nen,nen
657,,,,,,,Sied,
658,,,,,,,dum,"Freude,schoner"
659,,,,,,,schlumgen,Gotterfunken
660,,,,,,,Milli,TochterausE
661,,,,,,,onen!,Lisium
662,,,,,,,Diesen,wirbetreten
663,,,,,,,Kussder,feuertrumken
664,,,,,,,ganzen,Himmlischedein
665,,,,,,???Seid,Welt!Seid,Heiligthum
666,,,,,,dum,dum,
667,,,,,Gotterfunken,schlengen,schlengen,Freude!??
668,,,,,TochterausE,Milli,Milli,
669,,,,,lisium,oene,oene,Freude!??
670,,,,,wirbetreten,Diesen,Diesen,??Wirbe
671,,,,,feuertrunken,Kussder,Kussder,tretendein
672,,,,,Himmlischedein,ganzen,ganzen,Hei
673,,,,,Heiligthum!Seid,Welt!???,Welt!???,i
674,,,,,dum,Freudeschoner,,i
675,,,,,schlumgen,Gotterfunken,Freude!??,i
676,,,,,Milli,TochterausE,,i
677,,,,,onen,lisium,Freude!???,i
678,,,,,Diesen,wirbetreten,??wirbe,ilig
679,,,,,Kussder,feuertrunken,tretendein,thum.
680,,,,,Gazen,Himmlischedein,Heilig,
681,,,,,We,Heiligthum!??.,thum???,???Seid
682,,,,,e,,Freudeschoner,um
683,,,,,e,Freude????.,Gotterfunken,schhlumgen
684,,,,,lt.,,TochterAusE,Milli
685,,,,,,Freude????,lisium,onen
686,,,,,,????Wirbe,wirbetreten,diesen
687,,,,,,tretendein,feuertrunken,Kussder
688,,,,,diesen,He,Himmlischedein,ganzen
689,,,,,Kussder,e,Heiligthum,Welt???
690,,,,,ganzen,e,???dein,diesen
691,,,,,Welt????,eligthum,He,Kussder
692,,,,,diesen,????dein,e,ganzen
693,,,,,Kussder,He,eiligthum!.,Weltder
694,,,,,ganzen,e,,ganzen
695,,,,,Welt????.,e,???Seid,Welt!????
696,,,,,,e,um,Freudeschoner
697,,,,,Freude!???.,e,schlungen,Gotterfunken
698,,,,,,e,Milli,wirbetreen
699,,,,,Freude!???,e,onen,feuertrunken
700,,,,,???Wirbe,eligthum,Diesen,Himmmlischedein
701,,,,,tretendein,thumdeinHe,Kussder,He
702,,,,,He,e,ganzen,eligthum
703,,,,,eligthum!.,eligthum,Welt!????,???Seid
704,,,,,,Seidum,Freudeschoner,um
705,,,,,????Seid,schlumgen,Goterfunken,schlumgen.
706,,,,,um,seidum,TochterausE,
707,,,,,schlumgen,schlumgen,lisium,????seid
708,,,,,Diesen,u,wibetrten,um
709,,,,,Kussder,u,feuertrunken,schlumgen
710,,,,,ganzen,ugen,Himmmlischedein,Milli
711,,,,,Welt!????,???seid,Heiligthum,onen
712,,,,,Freudeschoner,um,Seidum,milli
713,,,,,Gotterfunken,schungen,schlumgen,onen
714,,,,,TochterausE,Milli,Milli,Deisen
715,,,,,lisium,onen,onen,Kussdei
716,,,,,wirbetreten,Diesen,Diesen,sen
717,,,,,feuertrunken,kussder,kussder,Kusder
718,,,,,Himmlschdein,ganzen,Gainzen,ganzen
719,,,,,Heilig,Welf!????.,ganzen,Weltder
720,,,,,Thum!???.,,Welt!????.,ganzen
721,,,,,,???der,,We
722,,,,,???Seid,ganzen,,e
723,,,,,um,Welt!????,Freudeschoner,e
724,,,,,schlumgen,Seid,Gotterfunken,e
725,,,,,Milli,um,TochterausE,e
726,,,,,onen,schlungen,lisium,e
727,,,,,Diesen,Milli,wirbetreten,e
728,,,,,Kussder,onen,Himmlischedein,e
729,,,,,ganzen,Diesen,He,eltder
730,,,,,ga,Kussder,e,ganzen
731,,,,,azen,ganzen,e,We
732,,,,,Welt!,Welt!.,eligthum.,elt.
733,,,,,Ihrstuzt.,,,
734,,,,,,,,
735,,,,,,,,
736,,,,,,,,
737,,,,,,,,
738,,,,,,,,
739,,,,,,,,
740,,,,,,,,
741,,,,,,,Suchihn,
742,,,,,,,uberm,
743,,,,,,,Sternen,
744,,,,,,,zelt,
745,,,,,Suchihn,Suchihn,Suchihn,Suchihn
746,,,,,uberm,uberm,uberm,uberm
747,,,,,Sternen,Sternen,Sternen,Sternen
748,,,,,zeltBru,zeltBru,zeltBru,zeltBru
749,,,,,der.,der.,der.,der.
750,,,,,,,,
751,,,,,Bruder,Bruder,Bruder,Bruder
752,,,,,???u,???u,???u,???u
753,,,,,berm,berm,berm,berm
754,,,,,Ste,Ste,Ste,Ste
755,,,,,ernen,ernen,ernen,ernen
756,,,,,zletmuss,zletmuss,zletmuss,zletmuss
757,,,,,ein,ein,ein,ein
758,,,,,lieber,lieber,lieber,lieber
759,,,,,Vater,Vater,Vater,Vater
760,,,,,wohnen,wohnen,wohnen,wohnen
761,,,,,ein,ein,ein,ein
762,,,,,lieber,lieber,lieber,lieber
763,,,,,Vater,Vater,Vater,Vater
764,,,,,woh,woh,woh,woh
765,,,,,nen.,nen.,nen.,nen.
766,,,,,,,,
767,,,,,,,,
768,,,,,,,,
769,,,,,,,,
770,Freude,Freude,,,,,,
771,TochterausE,TochterausE,,,,,,
772,lisium.,lisium.,Freude,Freude,,,,
773,,,TochterausE,TochterausE,,,,
774,,,lisium.,lisium.,,,,
775,,,,,,,,
776,,,,,,,,
777,,,,,,,,
778,,,,,,,,
779,,,,,,,,
780,,,Tochter,Tochter,,,,
781,,,TochterausE,TochterausE,,,,
782,Tochter,Tochter,lisium.,lisium.,,,,
783,TochterausE,TochterausE,,,,,,
784,lisium.,lisium.,,,,,,
785,,,,???Dei,,,,
786,,,DeineZauber,ineZauber,,,,
787,,DeineZauber,deineZauber,deineZauber,,,,
788,,deineZauber,binden,binden,,,,
789,,binden,wieder.,wieder,,,,
790,DeineZauber,wieder,,deineZauber,,,,
791,deineZauber,bi,deineZauber,Zauber,,,,
792,binden,nden,deineZauber,binden,,,,
793,wieder,binden,binden,wieder,,,,
794,deine,wieder,wieder,wasdieMode,,,,
795,Zauber,deineZauber,bin,strenggetheiltdei,,,,
796,binden,deineZauber,den,neZauber,,,,
797,wieder,binden,binden,deineZauber,,,,
798,wadieMode,wieder,wieder,binden,DeineZauber,DeineZauber,DeineZauber,DeineZauber
799,s,wasdieMode,????was,wieder,deineZauber,deineZauber,deineZauber,deineZauber
800,t,s,dieMode,wasdieMode,binden,binden,binden,binden
801,r,t,s,s,wiede,wiede,wiede,wiede
802,e,r,tr,tr,binden,binden,binden,binden
803,n,e,en,en,wiede,wiede,wiede,wiede
804,ggetheilt??.,ggetheilt??.,ggetheilt??.,ggetheilt??.,wasdieMode,wasdieMode,wasdieMode,wasdieMode
805,,,,,Streng,Streng,Streng,Streng
806,,,,,getheilt.,getheilt.,getheilt.,getheilt.
807,,,,,,,,
808,,,,,,,,
809,,,,,Alle,Alle,Alle,Alle
810,,,,,Menscenalle,Menscenalle,Menscenalle,Menscenalle
811,,,,,Menschenalle,Menschenalle,Menschenalle,Menschenalle
812,,,,,MenschenAlle,MenschenAlle,MenschenAlle,MenschenAlle
813,,,,,Menschenwerden,Menschenwerden,Menschenwerden,Menschenwerden
814,,,,,Bruderwoden,Bruderwoden,Bruderwoden,Bruderwoden
815,,,,,sanfter,sanfter,sanfter,sanfter
816,,,,,FlugelWe,FlugelWe,FlugelWe,FlugelWe
817,,,,,ilt?????.,ilt?????.,ilt?????.,ilt?????.
818,,,,,,,,
819,,,,,,,,
820,,,,,,,,
821,,,,,DeineZauber,DeineZauber,DeineZauber,DeineZauber
822,,,,,deineZauber,deineZauber,deineZauber,deineZauber
823,,,,,binden,binden,binden,binden
824,,,,,wieder,wieder,wieder,wieder
825,,,,,wasdieMode,wasdieMode,wasdieMode,wasdieMode
826,,,,,streng,streng,streng,streng
827,,,,,getheilt.,getheilt.,getheilt.,getheilt.
828,,,,,,,,
829,,,,,,,,
830,,,,,??Alle,??Alle,??Alle,??Alle
831,,,,,Menscenalle,Menscenalle,Menscenalle,Menscenalle
832,,,,,Menschenalle,Menschenalle,Menschenalle,Menschenalle
833,??Alle,??Alle,??Alle,??Alle,Menschen,Menschen,Menschen,Menschen
834,Menschenalle,Menschenalle,Menschenalle,Menschenalle,??Alle,??Alle,??Alle,??Alle
835,alle,alle,alle,alle,Menschen.,Menschen.,Menschen.,Menschen.
836,Menchenwerden,Menchenwerden,Menchenwerden,Menchenwerden,,,,
837,Bruderwodein,Bruderwodein,Bruderwodein,Bruderwodein,,,,
838,san,san,san,san,,,,
839,fter,fter,fter,fter,,,,
840,Flugelwe,Flugelwe,Flugelwe,Flugelwe,,,,
841,iltdein,iltdein,iltdein,iltdein,,,,
842,sen,sen,sen,sen,,,,
843,fter,fter,fter,fter,,,,
844,Flugelwei,Flugelwei,Flugelwei,Flugelwei,,,,
845,lt.,lt.,lt.,lt.,,,,
846,,,,,,,,
847,,,,,,,,
848,,,,,,,,
849,,,,,,,,
850,,,,,,,,
851,,,,,,,,
852,,,,,,,,
853,,,,,,,,
854,,,,,,,,
855,,,,,,,,
856,,,,,,,,
857,,,,,,,,
858,,,,,Seidumschlungen,Seidumschlungen,Seidumschlungen,Seidumschlungen
859,,,,,Millionen,Millionen,Millionen,Millionen
860,,,,,DiesenKussder,DiesenKussder,DiesenKussder,DiesenKussder
861,,,,,genzenWelt!,genzenWelt!,genzenWelt!,genzenWelt!
862,,,,,???der,???der,???der,???der
863,,,,,ganzenWe,ganzenWe,ganzenWe,ganzenWe
864,,,,,e,e,e,e
865,,,,,e,e,e,e
866,,,,,elt,elt,elt,elt
867,,,,,Bruder,Bruder,Bruder,Bruder
868,,,,,uberm,uberm,uberm,uberm
869,,,,,Sternen,Sternen,Sternen,Sternen
870,,,,,zeltmussein,zeltmussein,zeltmussein,zeltmussein
871,,,,,lieber,lieber,lieber,lieber
872,,,,,Vaterein,Vaterein,Vaterein,Vaterein
873,,,,,lieber,lieber,lieber,lieber
874,,,,,Vaterein,Vaterein,Vaterein,Vaterein
875,,,,,wo,wo,wo,wo
876,,,,,hnenein,hnenein,hnenein,hnenein
877,,,,,lieber,lieber,lieber,lieber
878,,,,,Vaterein,Vaterein,Vaterein,Vaterein
879,,,,,wohnen????,wohnen????,wohnen????,wohnen????
880,,,,,Seidumschlungen.,Seidumschlungen.,Seidumschlungen.,Seidumschlungen.
881,,,,,,,,
882,,,,,Seidumschlungen,Seidumschlungen,Seidumschlungen,Seidumschlungen
883,,,,,diesen,diesen,diesen,diesen
884,,,,,Kussder,Kussder,Kussder,Kussder
885,,,,,ganzen,ganzen,ganzen,ganzen
886,,,,,Weltder,Weltder,Weltder,Weltder
887,,,,,ganzen,ganzen,ganzen,ganzen
888,,,,,Weltder,Weltder,Weltder,Weltder
889,,,,,ganzen,ganzen,ganzen,ganzen
890,,,,,WeltDie,WeltDie,WeltDie,WeltDie
891,,,,,sen,sen,sen,sen
892,,,,,Kussder,Kussder,Kussder,Kussder
893,,,,,ganzen,ganzen,ganzen,ganzen
894,,,,,Weltder,Weltder,Weltder,Weltder
895,,,,,ganzen,ganzen,ganzen,ganzen
896,,,,,Weltder,Weltder,Weltder,Weltder
897,,,,,ganzen,ganzen,ganzen,ganzen
898,,,,,ga,ga,ga,ga
899,,,,,a,a,a,a
900,,,,,a,a,a,a
901,,,,,anzen,anzen,anzen,anzen
902,,,,,WeltderGa,WeltderGa,WeltderGa,WeltderGa
903,,,,,a,a,a,a
904,,,,,a,a,a,a
905,,,,,adzen,adzen,adzen,adzen
906,,,,,Welt????,Welt????,Welt????,Welt????
907,,,,,Freude????,Freude????,Freude????,Freude????
908,,,,,Freudeschoner,Freudeschoner,Freudeschoner,Freudeschoner
909,,,,,Gotter,Gotter,Gotter,Gotter
910,,,,,funken????.,funken????.,funken????.,funken????.
911,,,,,,,,
912,,,,,???schoner,???schoner,???schoner,???schoner
913,,,,,Go,Go,Go,Go
914,,,,,oter,oter,oter,oter
915,,,,,funken!???.,funken!???.,funken!???.,funken!???.
916,,,,,,,,
917,,,,,,,,
918,,,,,????Toch,????Toch,????Toch,????Toch
919,,,,,terausE,terausE,terausE,terausE
920,,,,,lisium????,lisium????,lisium????,lisium????
921,,,,,Freudeschoner,Freudeschoner,Freudeschoner,Freudeschoner
922,,,,,GottetfunkenGotter,GottetfunkenGotter,GottetfunkenGotter,GottetfunkenGotter
923,,,,,Funken!??.,Funken!??.,Funken!??.,Funken!??.
924,,,,,,,,
925,,,,,,,,
926,,,,,,,,
927,,,,,,,,
928,,,,,,,,
929,,,,,,,,
930,,,,,,,,
931,,,,,,,,
932,,,,,,,,
933,,,,,,,,
934,,,,,,,,
935,,,,,,,,
936,,,,,,,,
937,,,,,,,,
938,,,,,,,,
939,,,,,,,,
940,,,,,,,,
941,,,,,,,,
942,,,,,,,,
